{
  "builder_name": "arc_challenge_ir",
  "citation": "",
  "config_name": "default",
  "dataset_size": 129932792,
  "description": "A combined ARC/ARC-Easy/OBQA/RegLivEnv train/dev/test sets,\n along with associated retrieved contexts from the full corpus.\n The \"para\" field for each answer choice is the retrieved context,\n typically 10 sentences ordered such that the one with highest IR\n score comes last\n",
  "download_checksums": {},
  "download_size": 0,
  "features": {
    "answer": {
      "_type": "Value",
      "dtype": "string",
      "id": null
    },
    "example_id": {
      "_type": "Value",
      "dtype": "string",
      "id": null
    },
    "options": [
      {
        "option_id": {
          "_type": "Value",
          "dtype": "string",
          "id": null
        },
        "option_context": {
          "_type": "Value",
          "dtype": "string",
          "id": null
        },
        "option_text": {
          "_type": "Value",
          "dtype": "string",
          "id": null
        }
      }
    ],
    "question": {
      "_type": "Value",
      "dtype": "string",
      "id": null
    }
  },
  "homepage": "https://leaderboard.allenai.org/arc/submission/blcotvl7rrltlue6bsv0",
  "license": "",
  "post_processed": null,
  "post_processing_size": null,
  "size_in_bytes": 129932792,
  "splits": {
    "train": {
      "dataset_name": "arc_challenge_ir",
      "name": "train",
      "num_bytes": 129932792,
      "num_examples": 8992
    }
  },
  "supervised_keys": null,
  "version": {
    "description": null,
    "major": 0,
    "minor": 3,
    "patch": 0,
    "version_str": "0.3.0"
  }
}